Stock,Country,Gear Type,1950,S_1950,1951,S_1951,1952,S_1952,1953,S_1953,1954,S_1954,1955,S_1955,1956,S_1956,1957,S_1957,1958,S_1958,1959,S_1959,1960,S_1960,1961,S_1961,1962,S_1962,1963,S_1963,1964,S_1964,1965,S_1965,1966,S_1966,1967,S_1967,1968,S_1968,1969,S_1969,1970,S_1970,1971,S_1971,1972,S_1972,1973,S_1973,1974,S_1974,1975,S_1975,1976,S_1976,1977,S_1977,1978,S_1978,1979,S_1979,1980,S_1980,1981,S_1981,1982,S_1982,1983,S_1983,1984,S_1984,1985,S_1985,1986,S_1986,1987,S_1987,1988,S_1988,1989,S_1989,1990,S_1990,1991,S_1991,1992,S_1992,1993,S_1993,1994,S_1994,1995,S_1995,1996,S_1996,1997,S_1997,1998,S_1998,1999,S_1999,2000,S_2000,2001,S_2001,2002,S_2002,2003,S_2003,2004,S_2004,2005,S_2005,2006,S_2006,2007,S_2007,2008,S_2008,2009,S_2009,2010,S_2010
Albacore tuna Global,Africa,Gear not known,0,-,0,-,0,-,0,-,0,-,0,-,0,-,0,-,0,-,0,-,0,-,400,,1800,,0,-,0,-,0,-,0,-,0,-,0,-,0,-,0,-,0,-,100,,96,,53,,104,,150,,150,,162,,410,,264,,69,,467,,429,,20,,181,,38,,60,,45,,57,,86,,61,,82,,38,,90,,12,,209,,127,,2,,73,,60,,386,,380,,163,,418,,288,,386,,1980,,1343,,463,,303,
Albacore tuna Global,Africa,Longlines (nei),0,-,0,-,0,-,0,-,0,-,0,-,0,-,0,-,0,-,0,-,0,-,0,-,0,-,734,,631,,9,,92,,0,-,0,-,0,-,0,-,0,-,0,-,3,,0,-,0,-,0,-,0,-,0,-,14,,352,,551,,173,,675,,311,,44,,96,,45,,107,,66,,28,,20,,0,-,0,-,196,,0,-,0,-,7,,23,,159,,679,,1508,,1526,,2052,,432,,918,,3263,,956,,1257,,910,,1192,
Albacore tuna Global,Africa,Mechanized lines and pole-and-lines,0,-,0,-,0,-,0,-,0,-,0,-,0,-,0,-,0,-,0,-,0,-,0,-,0,-,0,-,0,-,0,-,0,-,0,-,0,-,0,-,0,-,0,-,0,-,1,,97,,46,,0,-,1,,0,-,53,,1233,,1721,,2523,,1751,,3194,,6463,,5787,,7217,,6526,,6834,,5220,,3355,,6306,,6883,,7762,,6236,,6454,,7791,,9824,,6083,,5761,,9696,,8917,,5755,,7232,,4887,,5791,,3082,,4190,,9758,,5238,
Albacore tuna Global,Africa,Purse seines,0,-,0,-,0,-,0,-,0,-,0,-,0,-,0,-,0,-,0,-,0,-,0,-,0,-,0,-,0,-,0,-,0,-,0,-,0,-,0,-,0,-,0,-,0,-,0,-,0,-,0,-,0,-,0,-,2,,5,,7,,1,,194,,6,,34,,9,,9,,41,,0,-,0,-,0,-,0,-,0,-,0,-,0,-,0,-,0,-,0,-,198,,29,,27,,83,,103,,174,,59,,18,,46,,136,,128,,15,,14,
Albacore tuna Global,Africa,Trolling lines,0,-,0,-,0,-,0,-,0,-,0,-,0,-,0,-,0,-,0,-,0,-,0,-,0,-,0,-,0,-,0,-,0,-,0,-,0,-,0,-,0,-,0,-,0,-,0,-,0,-,0,-,0,-,0,-,0,-,0,-,0,-,0,-,0,-,0,-,0,-,0,-,0,-,0,-,0,-,0,-,0,-,0,-,2,,2,,2,,2,,2,,7,,0,-,0,-,0,-,0,-,0,-,0,-,0,-,0,-,0,-,0,-,0,-,0,-,0,-
Albacore tuna Global,Americas,Gear not known,0,-,0,-,1373,,171,,147,,577,,482,,304,,48,,0,-,557,,1356,,1703,,1161,,824,,731,,589,,707,,951,,407,,859,,1343,,786,,176,,264,,856,,1106,,1640,,868,,223,,348,,729,,991,,544,,3959,,1635,,916,,819,,685,,831,,717,,622,,738,,362,,1286,,348,,570,,1967,,2075,,4062,,2663,,1914,,2778,,2652,,2182,,2247,,786,,891,,699,,547,,667,
Albacore tuna Global,Americas,Longlines (nei),27,,24,,46,,23,,13,,9,,6,,4,,7,,1705,,2333,,1800,,1398,,1879,,1777,,1573,,1194,,1430,,1805,,769,,749,,420,,777,,4372,,616,,975,,2597,,1798,,2136,,1543,,1116,,1045,,1896,,2065,,4306,,3130,,1809,,1718,,963,,880,,977,,1885,,3899,,4498,,2024,,2366,,2716,,2938,,4975,,3724,,8619,,23189,,11188,,9332,,4589,,5987,,6657,,7757,,5204,,6063,,6222,
Albacore tuna Global,Americas,Mechanized lines and pole-and-lines,0,-,0,-,0,-,0,-,0,-,0,-,0,-,0,-,0,-,0,-,0,-,2837,,1085,,2432,,3411,,417,,1600,,4113,,4906,,2996,,4416,,2076,,3750,,2236,,4777,,3243,,2700,,1497,,950,,303,,382,,748,,527,,823,,1406,,1667,,462,,261,,615,,56,,145,,36,,12,,13,,0,-,280,,36,,136,,484,,454,,1772,,791,,741,,940,,360,,263,,108,,340,,167,,2236,,46,
Albacore tuna Global,Americas,Purse seines,5835,,6577,,0,-,0,-,0,-,0,-,0,-,0,-,0,-,0,-,136,,0,-,0,-,0,-,0,-,0,-,0,-,0,-,0,-,0,-,47,,0,-,18,,0,-,13,,1,,13,,2,,9,,11,,16,,2,,186,,364,,4283,,59,,22,,0,-,97,,12,,72,,300,,269,,396,,490,,290,,296,,37,,318,,117,,223,,318,,99,,214,,342,,82,,202,,216,,70,,109,,71,
Albacore tuna Global,Americas,Trolling lines,32746,,15629,,23914,,15745,,12246,,13264,,18768,,21173,,14929,,21202,,20105,,12059,,19753,,25145,,18391,,16557,,15377,,17975,,21462,,20192,,21422,,22272,,27521,,17053,,21509,,19043,,16183,,10022,,16636,,7302,,7768,,12837,,6713,,9584,,9354,,6471,,4840,,3754,,8262,,5912,,7034,,7117,,8126,,8008,,15488,,11952,,22615,,18579,,20389,,14293,,16894,,18508,,16890,,22467,,22304,,13786,,19065,,18318,,16320,,16536,,17074,
Albacore tuna Global,Asia,Gear not known,0,-,0,-,237,,132,,38,,136,,57,,151,,124,,67,,76,,268,,191,,218,,319,,121,,585,,520,,1109,,959,,517,,359,,645,,569,,1128,,409,,1355,,1058,,6123,,4011,,4179,,11071,,13235,,7367,,11603,,14836,,29305,,25163,,37368,,49852,,59444,,18445,,15035,,1187,,1097,,389,,286,,534,,352,,441,,295,,230,,538,,292,,158,,593,,634,,631,,2603,,2021,,1789,
Albacore tuna Global,Asia,Longlines (nei),16713,,11384,,26902,,29674,,33359,,28238,,27250,,35988,,46362,,48932,,61555,,67124,,92201,,88631,,97549,,95949,,113517,,120228,,106959,,106243,,106083,,107494,,116513,,128401,,110146,,77521,,101952,,107573,,99087,,90953,,88641,,94635,,106759,,86013,,77462,,87595,,108317,,88892,,79631,,60626,,64612,,79620,,88114,,98193,,106744,,95933,,97318,,102427,,110977,,108541,,104216,,113011,,108706,,103238,,98580,,94619,,90773,,99895,,101886,,108823,,114539,
Albacore tuna Global,Asia,Mechanized lines and pole-and-lines,12863,,14500,,41787,,32921,,28069,,24236,,42810,,49500,,22175,,14252,,25201,,18639,,8729,,26436,,23880,,41491,,22830,,30481,,16635,,31912,,24263,,52957,,60591,,68808,,73576,,52157,,85336,,31999,,59920,,44662,,46856,,27426,,29615,,21098,,26015,,20714,,16096,,19091,,6216,,8629,,8532,,7103,,13888,,12809,,26391,,20981,,20272,,32250,,22953,,50469,,21572,,29448,,48465,,36121,,32359,,16150,,15406,,37768,,19060,,31263,,21757,
Albacore tuna Global,Asia,Purse seines,0,-,0,-,154,,38,,23,,8,,0,-,83,,8,,0,-,0,-,7,,53,,59,,128,,11,,111,,89,,267,,521,,317,,902,,277,,1356,,161,,159,,1109,,669,,1115,,125,,329,,252,,561,,376,,3380,,1533,,1542,,1205,,1208,,2521,,1995,,2652,,4104,,2889,,2026,,1177,,591,,1084,,1563,,6872,,2408,,974,,3303,,627,,7227,,880,,598,,6546,,835,,2088,,320,
Albacore tuna Global,Asia,Trolling lines,0,-,0,-,0,-,0,-,0,-,0,-,0,-,0,-,0,-,0,-,0,-,0,-,0,-,0,-,0,-,0,-,0,-,0,-,0,-,0,-,0,-,0,-,0,-,0,-,0,-,0,-,0,-,0,-,0,-,0,-,0,-,0,-,0,-,0,-,0,-,0,-,0,-,0,-,0,-,0,-,0,-,0,-,0,-,0,-,0,-,856,,815,,1585,,1190,,891,,645,,416,,787,,922,,772,,665,,460,,519,,549,,410,,410,
Albacore tuna Global,Europe,Gear not known,0,-,0,-,0,-,0,-,0,-,0,-,0,-,0,-,0,-,0,-,0,-,0,-,0,-,0,-,0,-,500,,500,,500,,500,,500,,500,,500,,700,,500,,500,,500,,520,,483,,440,,836,,500,,600,,716,,700,,1766,,2998,,3078,,4134,,6338,,7572,,4441,,5387,,8984,,9659,,9938,,7509,,8039,,8592,,9869,,16267,,11903,,10322,,7195,,7160,,4651,,8412,,6809,,4960,,4500,,4962,,2179,
Albacore tuna Global,Europe,Longlines (nei),0,-,0,-,0,-,0,-,0,-,0,-,0,-,0,-,0,-,0,-,0,-,0,-,0,-,0,-,0,-,0,-,0,-,0,-,0,-,0,-,0,-,0,-,0,-,0,-,0,-,0,-,40,,130,,150,,0,-,0,-,0,-,0,-,3,,227,,376,,324,,163,,178,,192,,632,,560,,612,,647,,636,,423,,902,,814,,711,,1922,,3946,,3976,,5373,,4916,,3086,,4148,,4515,,6070,,4584,,3856,,2935,
Albacore tuna Global,Europe,Mechanized lines and pole-and-lines,0,-,0,-,0,-,3875,,7250,,3125,,5500,,11959,,17558,,18517,,18139,,21120,,21469,,20739,,20428,,20112,,16757,,18349,,13936,,14569,,14388,,15677,,8196,,8833,,13986,,19687,,20227,,15559,,11958,,15764,,16177,,14312,,16346,,21470,,10240,,14109,,16229,,19655,,17086,,15931,,19439,,9547,,12791,,16360,,13233,,17229,,12037,,10077,,7719,,9108,,11646,,6188,,7101,,8254,,8138,,10459,,14272,,8472,,7926,,4993,,6019,
Albacore tuna Global,Europe,Purse seines,0,-,0,-,0,-,0,-,0,-,0,-,0,-,0,-,0,-,0,-,0,-,0,-,0,-,0,-,0,-,0,-,0,-,0,-,0,-,200,,0,-,0,-,0,-,0,-,0,-,0,-,47,,112,,41,,172,,457,,1801,,1053,,667,,925,,1088,,454,,1197,,467,,22,,271,,2381,,5134,,2486,,2899,,1248,,1411,,1672,,941,,556,,790,,1026,,600,,1862,,502,,959,,4400,,774,,1369,,496,,335,
Albacore tuna Global,Europe,Trolling lines,39629,,34155,,32403,,26248,,32735,,28305,,35404,,30034,,33951,,30802,,33078,,20913,,30949,,24631,,28064,,25550,,22797,,30681,,24011,,17941,,15730,,24060,,26548,,18737,,20988,,9513,,13942,,17411,,23959,,23356,,13079,,10797,,12879,,12802,,11043,,10929,,11159,,11464,,11341,,10564,,10682,,9022,,7422,,6153,,6081,,10531,,6768,,8066,,5933,,6918,,5023,,4311,,4124,,5363,,7494,,10221,,10294,,6103,,5236,,4440,,7013,
Albacore tuna Global,Oceania,Gear not known,0,-,0,-,0,-,0,-,0,-,0,-,0,-,0,-,0,-,0,-,0,-,0,-,0,-,0,-,0,-,0,-,0,-,0,-,0,-,0,-,0,-,0,-,0,-,0,-,0,-,0,-,0,-,0,-,0,-,0,-,3,,5,,6,,7,,8,,9,,10,,11,,12,,13,,112,,98,,65,,70,,89,,104,,156,,133,,85,,76,,139,,199,,150,,130,,189,,215,,440,,147,,319,,421,,436,
Albacore tuna Global,Oceania,Longlines (nei),0,-,0,-,0,-,0,-,0,-,0,-,0,-,0,-,0,-,0,-,0,-,0,-,0,-,0,-,0,-,0,-,0,-,0,-,0,-,0,-,0,-,0,-,0,-,4,,0,-,0,-,6,,9,,9,,21,,25,,2,,114,,174,,266,,317,,385,,953,,937,,1872,,1732,,1757,,1924,,3161,,5006,,5784,,7907,,12125,,16662,,13723,,20465,,27357,,33284,,32854,,37516,,35897,,43707,,37818,,31001,,35318,,45730,
Albacore tuna Global,Oceania,Mechanized lines and pole-and-lines,0,-,0,-,0,-,0,-,0,-,0,-,0,-,0,-,0,-,0,-,0,-,0,-,0,-,0,-,0,-,0,-,0,-,0,-,0,-,0,-,100,,100,,100,,100,,100,,100,,100,,100,,100,,100,,100,,0,-,392,,13,,28,,4,,0,-,1,,0,-,1,,245,,14,,17,,70,,79,,142,,31,,9,,9,,38,,80,,19,,7,,5,,6,,12,,23,,17,,12,,21,,14,
Albacore tuna Global,Oceania,Purse seines,0,-,0,-,0,-,0,-,0,-,0,-,0,-,0,-,0,-,0,-,0,-,0,-,0,-,0,-,0,-,0,-,0,-,0,-,0,-,0,-,0,-,0,-,0,-,0,-,0,-,0,-,0,-,0,-,0,-,0,-,0,-,0,-,12,,0,-,0,-,0,-,0,-,0,-,0,-,0,-,0,-,0,-,1,,2,,0,-,0,-,0,-,0,-,0,-,0,-,0,-,0,-,0,-,0,-,0,-,0,-,0,-,0,-,0,-,0,-,0,-
Albacore tuna Global,Oceania,Trolling lines,0,-,0,-,0,-,0,-,0,-,0,-,0,-,0,-,0,-,0,-,0,-,0,-,0,-,0,-,0,-,0,-,0,-,5,,14,,0,-,50,,0,-,268,,484,,898,,646,,25,,621,,1686,,814,,1468,,2085,,2434,,744,,2773,,3253,,1911,,1256,,405,,4463,,2854,,2711,,3387,,3051,,4659,,5530,,5296,,2791,,4495,,1827,,3486,,2830,,3097,,4041,,3594,,2949,,2165,,1790,,3352,,1794,,1834,
Atlantic bluefin tuna Global,Africa,Gear not known,6365,,6410,,4690,,7018,,3917,,6399,,4603,,7070,,9239,,6563,,4814,,2377,,4852,,2678,,3032,,3255,,2755,,2615,,1974,,2286,,1039,,1006,,665,,529,,1652,,929,,914,,718,,817,,723,,675,,684,,1143,,884,,781,,814,,1294,,1500,,2025,,2217,,2603,,2532,,1694,,1702,,3889,,1871,,1834,,2212,,3647,,2793,,3209,,3979,,2829,,3603,,2127,,1839,,2034,,2547,,2838,,1911,,1348,
Atlantic bluefin tuna Global,Africa,Longlines (nei),0,-,0,-,0,-,0,-,0,-,0,-,0,-,0,-,0,-,0,-,0,-,0,-,0,-,0,-,0,-,0,-,0,-,0,-,0,-,0,-,0,-,0,-,0,-,0,-,0,-,0,-,0,-,0,-,0,-,0,-,0,-,0,-,0,-,0,-,0,-,0,-,0,-,0,-,0,-,0,-,173,,164,,372,,67,,802,,865,,656,,925,,920,,900,,1795,,2094,,519,,172,,568,,1046,,548,,1020,,918,,34,,107,
Atlantic bluefin tuna Global,Africa,Mechanized lines and pole-and-lines,0,-,0,-,0,-,0,-,0,-,0,-,0,-,0,-,0,-,0,-,0,-,0,-,0,-,0,-,0,-,0,-,0,-,0,-,0,-,0,-,0,-,0,-,0,-,0,-,0,-,0,-,0,-,0,-,0,-,0,-,0,-,0,-,0,-,10,,1,,0,-,0,-,0,-,0,-,0,-,0,-,0,-,0,-,0,-,0,-,0,-,0,-,0,-,0,-,0,-,0,-,0,-,0,-,0,-,0,-,0,-,0,-,0,-,0,-,0,-,0,-
Atlantic bluefin tuna Global,Africa,Purse seines,0,-,0,-,0,-,0,-,0,-,0,-,0,-,0,-,2539,,0,-,2286,,2994,,1628,,1419,,2059,,906,,1778,,2048,,453,,678,,406,,72,,532,,512,,592,,2664,,332,,680,,57,,321,,302,,204,,708,,297,,229,,213,,231,,148,,153,,94,,297,,1296,,1737,,2589,,3206,,2570,,3068,,2852,,3484,,4223,,4074,,3499,,4516,,1912,,4968,,5481,,4714,,4983,,4030,,3347,,1785,
Atlantic bluefin tuna Global,Americas,Gear not known,1006,,996,,622,,1083,,768,,539,,247,,500,,997,,506,,415,,344,,680,,1510,,1111,,1371,,3999,,732,,824,,1301,,910,,1432,,1598,,1088,,3484,,1190,,1232,,1440,,1316,,1183,,1071,,982,,850,,1329,,1056,,1063,,684,,899,,1040,,1556,,1542,,1661,,1096,,1289,,1190,,1570,,1555,,1547,,1521,,1448,,1420,,1873,,2170,,1622,,1267,,1021,,1093,,1090,,1235,,1394,,1154,
Atlantic bluefin tuna Global,Americas,Longlines (nei),0,-,0,-,7,,1,,0,-,5,,0,-,16,,40,,83,,1,,0,-,132,,367,,303,,318,,604,,2432,,1381,,470,,200,,2,,0,-,8,,1,,40,,226,,305,,230,,34,,139,,149,,58,,115,,153,,172,,702,,349,,433,,300,,354,,599,,840,,670,,1694,,1734,,3676,,696,,196,,281,,318,,160,,366,,361,,355,,290,,287,,242,,273,,411,,325,
Atlantic bluefin tuna Global,Americas,Purse seines,1,,100,,0,-,0,-,55,,0,-,0,-,0,-,138,,781,,277,,903,,3768,,5770,,5150,,3331,,1006,,2082,,687,,1118,,4288,,3769,,2011,,1656,,960,,2320,,1582,,1502,,1230,,1381,,758,,910,,237,,384,,401,,377,,360,,367,,383,,385,,384,,237,,300,,295,,301,,249,,245,,250,,249,,260,,275,,196,,208,,265,,32,,178,,4,,28,,0,-,11,,0,-
Atlantic bluefin tuna Global,Asia,Gear not known,0,-,0,-,0,-,0,-,0,-,0,-,0,-,800,,400,,500,,300,,300,,200,,100,,0,-,100,,100,,1488,,310,,393,,138,,22,,68,,66,,34,,17,,181,,177,,127,,27,,391,,565,,825,,557,,869,,0,-,0,-,0,-,0,-,0,-,0,-,0,-,0,-,4,,0,-,1,,14,,0,-,0,-,0,-,0,-,0,-,0,-,0,-,0,-,0,-,0,-,0,-,3,,0,-,0,-
Atlantic bluefin tuna Global,Asia,Longlines (nei),0,-,0,-,0,-,0,-,0,-,0,-,0,-,63,,34,,256,,820,,577,,3703,,7809,,12626,,9551,,2521,,794,,435,,239,,135,,1557,,712,,1456,,5383,,5702,,5856,,5778,,3783,,4404,,4965,,4409,,3863,,4014,,3259,,2624,,1874,,2174,,2546,,1572,,2196,,3764,,3995,,4202,,4562,,6483,,5800,,4598,,4875,,3819,,3983,,3869,,4297,,3611,,3229,,3692,,3068,,2461,,3059,,2128,,1549,
Atlantic bluefin tuna Global,Asia,Mechanized lines and pole-and-lines,0,-,0,-,0,-,0,-,0,-,0,-,0,-,0,-,0,-,0,-,0,-,0,-,0,-,0,-,3,,0,-,0,-,0,-,0,-,0,-,0,-,0,-,0,-,0,-,0,-,0,-,0,-,0,-,0,-,0,-,0,-,0,-,0,-,0,-,0,-,0,-,0,-,0,-,0,-,0,-,0,-,0,-,0,-,0,-,0,-,0,-,0,-,0,-,0,-,0,-,0,-,0,-,0,-,0,-,0,-,0,-,0,-,0,-,0,-,0,-,0,-
Atlantic bluefin tuna Global,Asia,Purse seines,0,-,0,-,0,-,0,-,0,-,0,-,0,-,0,-,0,-,0,-,0,-,0,-,0,-,0,-,0,-,0,-,0,-,0,-,0,-,0,-,0,-,0,-,0,-,0,-,0,-,0,-,0,-,0,-,0,-,0,-,0,-,0,-,0,-,0,-,0,-,41,,69,,972,,1343,,1707,,2059,,2459,,2817,,3084,,3466,,4219,,4616,,5093,,5899,,1200,,1070,,2100,,2300,,3300,,1869,,2135,,806,,1211,,1367,,767,,443,
Atlantic bluefin tuna Global,Europe,Gear not known,12782,,11147,,12742,,15474,,13115,,14472,,14095,,16201,,13396,,10892,,10441,,10495,,8707,,5997,,6805,,7002,,3220,,5977,,3506,,4203,,2860,,1903,,1380,,1122,,867,,1282,,1267,,1566,,1327,,2006,,925,,1228,,2350,,2835,,5090,,5357,,4366,,4008,,5812,,4621,,4670,,2689,,3862,,4041,,4016,,4735,,4278,,5703,,3148,,3908,,4036,,3253,,3734,,2620,,2091,,2584,,2413,,2624,,1826,,2011,,2154,
Atlantic bluefin tuna Global,Europe,Longlines (nei),0,-,0,-,0,-,0,-,0,-,0,-,0,-,0,-,0,-,0,-,0,-,19,,0,-,800,,363,,434,,541,,341,,657,,485,,276,,214,,124,,274,,213,,143,,275,,115,,118,,223,,124,,238,,682,,305,,138,,228,,179,,254,,259,,242,,276,,696,,575,,653,,2226,,3516,,3297,,3250,,1118,,2030,,1750,,1595,,1269,,1380,,1269,,1340,,1461,,1157,,1262,,1171,,813,
Atlantic bluefin tuna Global,Europe,Mechanized lines and pole-and-lines,2865,,3979,,3786,,3556,,4430,,4448,,2791,,3154,,2829,,3052,,1198,,1453,,1537,,1178,,1076,,1820,,3347,,1805,,1474,,1826,,3017,,3055,,3032,,3142,,2348,,2918,,1710,,2813,,3593,,2034,,1499,,1222,,885,,1872,,3960,,2282,,1414,,1821,,1936,,1971,,1718,,1593,,1299,,3495,,1979,,2808,,4990,,3525,,2561,,1496,,1821,,2275,,2568,,1379,,1808,,2023,,1115,,2032,,1795,,1259,,724,
Atlantic bluefin tuna Global,Europe,Purse seines,2857,,7259,,15753,,11281,,13391,,14295,,5932,,7058,,4465,,3629,,4440,,9025,,9149,,1700,,2722,,2941,,2876,,4934,,4094,,4471,,2863,,4515,,4513,,4745,,8986,,9013,,14498,,10309,,7499,,6048,,8676,,8591,,12073,,10449,,10032,,11051,,9309,,7737,,9702,,7649,,8809,,9393,,13349,,13367,,19098,,16833,,18660,,17061,,12600,,10201,,12197,,11726,,11725,,12339,,12911,,15728,,14833,,16757,,7244,,7231,,2758,
Atlantic bluefin tuna Global,Europe,Trolling lines,0,-,0,-,0,-,0,-,0,-,0,-,0,-,0,-,0,-,0,-,0,-,0,-,0,-,0,-,0,-,0,-,0,-,0,-,0,-,0,-,0,-,0,-,0,-,11,,0,-,65,,4,,9,,312,,94,,526,,362,,164,,1291,,722,,471,,915,,311,,746,,713,,300,,204,,277,,555,,318,,507,,373,,380,,235,,102,,194,,151,,80,,39,,112,,195,,125,,0,-,1,,0,-,0,-
Bigeye tuna Global,Africa,Gear not known,0,-,0,-,0,-,0,-,0,-,0,-,0,-,0,-,0,-,0,-,0,-,0,-,0,-,0,-,0,-,0,-,0,-,0,-,0,-,0,-,0,-,0,-,0,-,0,-,0,-,0,-,0,-,5,,25,,63,,60,,114,,131,,34,,90,,98,,107,,145,,131,,359,,116,,169,,190,,275,,468,,348,,212,,221,,181,,975,,1002,,1057,,994,,972,,962,,22,,47,,47,,63,,102,,50,
Bigeye tuna Global,Africa,Longlines (nei),0,-,0,-,0,-,0,-,0,-,0,-,0,-,0,-,0,-,0,-,0,-,0,-,0,-,286,,214,,0,-,0,-,0,-,0,-,0,-,0,-,0,-,0,-,1,,0,-,0,-,0,-,0,-,0,-,0,-,464,,288,,176,,387,,116,,80,,261,,53,,98,,6,,12,,36,,444,,820,,1181,,413,,458,,467,,522,,877,,1651,,1424,,3745,,4867,,7534,,7493,,5589,,6686,,5758,,6485,,5469,
Bigeye tuna Global,Africa,Mechanized lines and pole-and-lines,0,-,0,-,0,-,0,-,0,-,0,-,0,-,0,-,0,-,0,-,0,-,0,-,0,-,0,-,0,-,0,-,0,-,0,-,0,-,0,-,111,,95,,146,,172,,204,,199,,190,,284,,585,,247,,428,,748,,699,,700,,1552,,1535,,1575,,1323,,1773,,2526,,5335,,4236,,2912,,3670,,4891,,5645,,4390,,7239,,10597,,10256,,3721,,7319,,1775,,6397,,10944,,6118,,5616,,5759,,7350,,5598,,3020,
Bigeye tuna Global,Africa,Purse seines,0,-,0,-,0,-,0,-,0,-,0,-,0,-,0,-,0,-,0,-,0,-,0,-,0,-,0,-,0,-,0,-,0,-,0,-,0,-,0,-,0,-,0,-,0,-,0,-,0,-,15,,383,,324,,394,,414,,425,,929,,1074,,1024,,1178,,1265,,635,,622,,691,,1319,,831,,1091,,950,,933,,755,,561,,1888,,4233,,5769,,12336,,5329,,9311,,9662,,11065,,9482,,14443,,9789,,13347,,9425,,13823,,12518,
Bigeye tuna Global,Africa,Trolling lines,3,,3,,3,,3,,4,,4,,4,,4,,4,,4,,5,,5,,5,,5,,6,,6,,6,,8,,9,,9,,12,,14,,15,,17,,19,,16,,15,,17,,17,,17,,18,,19,,19,,20,,22,,23,,24,,26,,26,,30,,31,,33,,49,,51,,57,,54,,53,,79,,45,,69,,72,,45,,46,,46,,46,,42,,44,,45,,51,,55,,62,
Bigeye tuna Global,Americas,Gear not known,0,-,0,-,0,-,0,-,0,-,0,-,0,-,0,-,0,-,0,-,0,-,0,-,0,-,0,-,0,-,0,-,0,-,0,-,0,-,0,-,0,-,18,,0,-,0,-,0,-,0,-,456,,711,,84,,136,,241,,85,,87,,88,,165,,331,,464,,373,,251,,276,,193,,258,,329,,307,,1241,,1588,,927,,366,,869,,890,,336,,494,,93,,420,,616,,429,,792,,539,,296,,331,,480,
Bigeye tuna Global,Americas,Longlines (nei),781,,913,,1013,,1242,,1248,,997,,1046,,738,,719,,596,,649,,680,,828,,713,,703,,994,,1175,,809,,1674,,1689,,4551,,3586,,2435,,5575,,4616,,4313,,3873,,4203,,5474,,3908,,6794,,5265,,5657,,7529,,8021,,8453,,8718,,8593,,7217,,5902,,8144,,9514,,10605,,10825,,11478,,11462,,7712,,6823,,6263,,6616,,8379,,12121,,11868,,9198,,8099,,7568,,7555,,8664,,8441,,7855,,8225,
Bigeye tuna Global,Americas,Mechanized lines and pole-and-lines,0,-,0,-,0,-,0,-,0,-,0,-,0,-,0,-,0,-,0,-,0,-,106,,318,,139,,127,,231,,0,-,1305,,115,,0,-,0,-,75,,244,,262,,289,,140,,257,,337,,137,,36,,14,,48,,280,,852,,946,,725,,93,,94,,123,,66,,59,,200,,87,,151,,223,,25,,1,,12,,4,,265,,103,,257,,153,,172,,213,,127,,75,,664,,173,,98,,102,
Bigeye tuna Global,Americas,Purse seines,0,-,0,-,0,-,0,-,0,-,0,-,0,-,0,-,0,-,0,-,24,,104,,302,,0,-,5,,0,-,210,,1697,,4560,,1231,,2606,,4678,,4022,,3305,,2328,,6484,,16147,,9158,,16216,,11429,,18818,,13954,,7280,,5454,,9841,,6259,,2511,,1168,,1593,,1342,,3511,,4204,,7618,,11033,,24123,,31248,,42460,,47633,,34698,,33948,,59243,,39482,,44632,,37673,,56444,,59025,,70210,,58190,,66612,,65295,,59497,
Bigeye tuna Global,Americas,Trolling lines,0,-,0,-,0,-,0,-,0,-,0,-,0,-,0,-,0,-,0,-,0,-,0,-,0,-,0,-,0,-,0,-,0,-,0,-,0,-,0,-,0,-,0,-,0,-,0,-,0,-,0,-,0,-,0,-,0,-,0,-,0,-,0,-,0,-,1,,2,,0,-,16,,40,,13,,18,,7,,6,,16,,9,,34,,18,,189,,96,,247,,97,,207,,226,,586,,39,,149,,88,,56,,64,,75,,60,,129,
Bigeye tuna Global,Asia,Gear not known,1,,5,,5,,5,,6,,6,,7,,6,,6,,6,,6,,7,,8,,9,,37,,39,,97,,264,,215,,73,,2978,,3253,,3703,,4464,,5004,,5235,,4380,,5985,,4364,,4994,,4597,,5334,,4928,,5373,,5645,,6796,,7025,,6022,,8835,,8011,,8481,,9161,,5935,,5181,,7747,,8771,,8796,,7163,,8200,,8047,,8172,,7379,,7493,,7869,,6385,,5571,,8720,,9142,,9885,,13771,,13152,
Bigeye tuna Global,Asia,Longlines (nei),17463,,11895,,23622,,23436,,23416,,35301,,42559,,56867,,67973,,63330,,79639,,115471,,114616,,136570,,112088,,106272,,108689,,105131,,116398,,133902,,114942,,122519,,134596,,138847,,140672,,171072,,172759,,200294,,197264,,173901,,192123,,167696,,188936,,179186,,170554,,210919,,232193,,241158,,228060,,224783,,259566,,249065,,244901,,243745,,269303,,243313,,235372,,252662,,252411,,231197,,234507,,252559,,283779,,267120,,262536,,215484,,204401,,211834,,185727,,183989,,163744,
Bigeye tuna Global,Asia,Mechanized lines and pole-and-lines,646,,729,,2100,,2400,,2100,,4000,,4400,,5269,,4269,,1769,,1534,,1851,,877,,1866,,1224,,1413,,1161,,3242,,2976,,2001,,1885,,1502,,2749,,3309,,3496,,1906,,4613,,4972,,4552,,3582,,4100,,4465,,5016,,4269,,3906,,4656,,3078,,3452,,4442,,4604,,4212,,2475,,2145,,2836,,3436,,4241,,4491,,4151,,3052,,3183,,6208,,5197,,5390,,3998,,6605,,5065,,7790,,5089,,5744,,4386,,4779,
Bigeye tuna Global,Asia,Purse seines,0,-,0,-,0,-,0,-,0,-,0,-,0,-,0,-,0,-,0,-,0,-,0,-,0,-,0,-,0,-,0,-,0,-,82,,413,,1253,,296,,521,,816,,328,,206,,16,,0,-,0,-,5,,12,,22,,18,,76,,103,,778,,703,,460,,549,,729,,763,,1362,,2199,,2410,,2051,,4285,,3714,,1602,,1644,,1442,,1650,,1437,,1298,,921,,982,,731,,2672,,4712,,3003,,3581,,4167,,894,
Bigeye tuna Global,Asia,Trolling lines,17,,100,,108,,110,,136,,136,,144,,138,,137,,138,,136,,146,,180,,184,,187,,197,,228,,232,,232,,240,,210,,204,,254,,291,,334,,482,,537,,635,,695,,583,,630,,685,,891,,844,,844,,849,,850,,833,,984,,1039,,777,,878,,766,,1081,,1129,,1236,,1433,,1481,,1312,,1233,,1171,,1057,,816,,740,,746,,636,,575,,649,,793,,748,,748,
Bigeye tuna Global,Europe,Gear not known,0,-,0,-,0,-,0,-,0,-,0,-,0,-,0,-,0,-,0,-,0,-,0,-,0,-,0,-,0,-,0,-,0,-,0,-,0,-,0,-,0,-,0,-,0,-,0,-,0,-,0,-,0,-,0,-,0,-,98,,0,-,0,-,24,,0,-,0,-,0,-,36,,116,,94,,15,,48,,69,,103,,114,,64,,6,,5,,4,,4,,31,,20,,16,,48,,149,,120,,436,,16,,243,,67,,16,,283,
Bigeye tuna Global,Europe,Longlines (nei),0,-,0,-,0,-,0,-,0,-,0,-,0,-,0,-,0,-,0,-,0,-,0,-,0,-,0,-,0,-,0,-,0,-,0,-,0,-,0,-,0,-,0,-,0,-,0,-,0,-,1515,,1515,,1356,,0,-,0,-,0,-,7,,254,,72,,37,,6,,7,,0,-,491,,603,,504,,501,,400,,171,,183,,218,,326,,367,,542,,506,,816,,360,,664,,1073,,1221,,1132,,1692,,1881,,1592,,1293,,1853,
Bigeye tuna Global,Europe,Mechanized lines and pole-and-lines,808,,1651,,2018,,2951,,2932,,4808,,2769,,8266,,3837,,6254,,6127,,5805,,7086,,10912,,5668,,9697,,5318,,11053,,3146,,9506,,10192,,11231,,8111,,11501,,15096,,13861,,8519,,10652,,12811,,8398,,10190,,7689,,5203,,8291,,8870,,15380,,13950,,12041,,7819,,10080,,12712,,13345,,13049,,12412,,15071,,19702,,14415,,13443,,10441,,13874,,7502,,7095,,6371,,6488,,7586,,8735,,8981,,9009,,4835,,9244,,5847,
Bigeye tuna Global,Europe,Purse seines,0,-,0,-,0,-,0,-,0,-,0,-,0,-,0,-,0,-,0,-,0,-,0,-,0,-,0,-,0,-,0,-,20,,10,,5,,1569,,2898,,3201,,3823,,4595,,5565,,5377,,7494,,11988,,8613,,7799,,8229,,14235,,12787,,12771,,16402,,11696,,17488,,18396,,20083,,15574,,17805,,23535,,21248,,32867,,33464,,35476,,34021,,33978,,31602,,44785,,40974,,30476,,33927,,28038,,24095,,25527,,26389,,20951,,27661,,31306,,26493,
Bigeye tuna Global,Europe,Trolling lines,0,-,0,-,0,-,0,-,0,-,0,-,0,-,0,-,0,-,0,-,0,-,0,-,0,-,0,-,0,-,0,-,0,-,0,-,0,-,0,-,0,-,0,-,0,-,0,-,0,-,0,-,0,-,0,-,0,-,0,-,0,-,0,-,52,,77,,0,-,0,-,0,-,0,-,0,-,0,-,0,-,0,-,0,-,0,-,0,-,0,-,0,-,0,-,24,,39,,141,,103,,38,,19,,54,,85,,5,,12,,0,-,0,-,3,
Bigeye tuna Global,Oceania,Gear not known,0,-,0,-,0,-,0,-,0,-,0,-,0,-,0,-,0,-,0,-,0,-,0,-,0,-,0,-,0,-,0,-,0,-,0,-,0,-,0,-,0,-,0,-,0,-,0,-,0,-,0,-,0,-,0,-,0,-,0,-,0,-,0,-,0,-,0,-,0,-,0,-,0,-,0,-,0,-,0,-,1,,1,,1,,1,,1,,1,,2,,2,,1,,2,,1,,1,,3,,15,,33,,4,,9,,21,,1,,0,-,0,-
Bigeye tuna Global,Oceania,Longlines (nei),0,-,0,-,0,-,0,-,0,-,0,-,0,-,0,-,0,-,0,-,0,-,0,-,0,-,0,-,0,-,0,-,0,-,0,-,0,-,0,-,0,-,0,-,0,-,16,,0,-,0,-,25,,34,,36,,86,,98,,25,,42,,52,,95,,78,,32,,115,,69,,133,,162,,319,,624,,1264,,1125,,1554,,2179,,3410,,5222,,8271,,8765,,9169,,8982,,7200,,7565,,6064,,5886,,8060,,6546,,7686,,7337,
Bigeye tuna Global,Oceania,Mechanized lines and pole-and-lines,0,-,0,-,0,-,0,-,0,-,0,-,0,-,0,-,0,-,0,-,0,-,0,-,0,-,0,-,0,-,0,-,0,-,0,-,0,-,0,-,0,-,0,-,0,-,0,-,0,-,0,-,0,-,0,-,0,-,0,-,0,-,0,-,7,,28,,1,,2,,3,,14,,0,-,1,,0,-,0,-,0,-,0,-,25,,8,,3,,0,-,0,-,0,-,0,-,0,-,0,-,0,-,0,-,0,-,0,-,37,,0,-,8,,0,-
Bigeye tuna Global,Oceania,Purse seines,0,-,0,-,0,-,0,-,0,-,0,-,0,-,0,-,0,-,0,-,0,-,0,-,0,-,0,-,0,-,0,-,0,-,0,-,0,-,0,-,0,-,0,-,0,-,0,-,0,-,0,-,0,-,0,-,0,-,0,-,0,-,0,-,0,-,0,-,0,-,0,-,0,-,0,-,0,-,0,-,2082,,1839,,1397,,1848,,8829,,12072,,12374,,6818,,4746,,5318,,10000,,4333,,2256,,3500,,1822,,0,-,0,-,0,-,0,-,0,-,0,-
Bigeye tuna Global,Oceania,Trolling lines,0,-,0,-,0,-,0,-,0,-,0,-,0,-,0,-,0,-,0,-,0,-,0,-,0,-,0,-,0,-,0,-,0,-,0,-,0,-,0,-,0,-,0,-,0,-,0,-,0,-,0,-,0,-,0,-,0,-,0,-,0,-,0,-,0,-,0,-,0,-,0,-,0,-,0,-,0,-,0,-,0,-,0,-,0,-,0,-,0,-,0,-,0,-,0,-,0,-,0,-,0,-,0,-,1,,0,-,0,-,0,-,0,-,0,-,0,-,1,,0,-
Pacific bluefin tuna Global,Americas,Gear not known,0,-,0,-,4,,96,,22,,186,,776,,146,,20,,101,,1,,39,,147,,35,,46,,144,,32,,67,,33,,41,,56,,14,,119,,148,,179,,156,,75,,67,,18,,43,,62,,30,,19,,80,,128,,193,,132,,142,,107,,224,,256,,153,,317,,726,,260,,606,,195,,530,,1219,,1224,,880,,805,,1320,,858,,136,,171,,199,,31,,197,,361,,243,
Pacific bluefin tuna Global,Americas,Longlines (nei),0,-,0,-,0,-,0,-,0,-,0,-,0,-,0,-,0,-,0,-,0,-,0,-,0,-,0,-,0,-,0,-,0,-,0,-,0,-,0,-,0,-,0,-,0,-,0,-,0,-,0,-,0,-,0,-,0,-,0,-,0,-,0,-,0,-,0,-,0,-,0,-,0,-,0,-,1,,0,-,0,-,0,-,1,,0,-,1,,11,,7,,8,,81,,134,,42,,136,,68,,85,,14,,0,-,0,-,0,-,0,-,0,-,0,-
Pacific bluefin tuna Global,Americas,Mechanized lines and pole-and-lines,0,-,0,-,0,-,0,-,0,-,0,-,0,-,0,-,0,-,88,,0,-,16,,0,-,28,,39,,11,,0,-,0,-,8,,9,,0,-,0,-,3,,1,,0,-,83,,22,,10,,4,,5,,0,-,0,-,0,-,0,-,0,-,0,-,0,-,0,-,0,-,5,,61,,0,-,0,-,0,-,0,-,0,-,0,-,2,,0,-,5,,61,,1,,3,,3,,0,-,0,-,0,-,0,-,15,,0,-,0,-
Pacific bluefin tuna Global,Americas,Purse seines,0,-,0,-,4152,,8866,,19074,,12346,,11454,,18430,,27868,,7354,,9094,,16238,,22126,,24488,,18356,,13624,,31770,,11776,,11936,,13834,,7931,,16718,,26604,,21447,,11174,,18996,,21240,,10890,,10416,,12204,,5818,,2170,,6289,,1678,,1683,,7996,,10080,,1959,,2754,,2205,,2860,,839,,3858,,1159,,1938,,1324,,16668,,5212,,3544,,5106,,7421,,2310,,3517,,6466,,17760,,9285,,19856,,8335,,8784,,6448,,15490,
Pacific bluefin tuna Global,Asia,Gear not known,0,-,0,-,3845,,2495,,5845,,4407,,4555,,3236,,1402,,1742,,2401,,3309,,2838,,3091,,3359,,3227,,1390,,2905,,3275,,2382,,2003,,1872,,1304,,2987,,6788,,3246,,4235,,3311,,4824,,6987,,4479,,4782,,3378,,2091,,3110,,3748,,3646,,2657,,1403,,1085,,1486,,2254,,2297,,1216,,1556,,2447,,1719,,1614,,1574,,1806,,1816,,2162,,1736,,1306,,1413,,2732,,2199,,2722,,3552,,3160,,2559,
Pacific bluefin tuna Global,Asia,Longlines (nei),0,-,0,-,2703,,3048,,3116,,2968,,2910,,1733,,844,,3705,,6106,,6796,,6209,,6543,,3258,,2831,,1546,,985,,548,,923,,651,,773,,586,,956,,1324,,1178,,433,,503,,730,,828,,965,,802,,952,,402,,644,,325,,187,,612,,296,,450,,537,,585,,1013,,1304,,1796,,1037,,1878,,3132,,3188,,4281,,3744,,2648,,2372,,3114,,3572,,3307,,2281,,3496,,2474,,2189,,1282,
Pacific bluefin tuna Global,Asia,Mechanized lines and pole-and-lines,0,-,0,-,2198,,3052,,3044,,2841,,4060,,1795,,2337,,586,,600,,662,,747,,1256,,1037,,831,,613,,1210,,983,,721,,723,,938,,944,,526,,1192,,1401,,1082,,2256,,1154,,1250,,1392,,754,,1777,,356,,587,,1817,,1086,,1565,,907,,754,,536,,286,,166,,129,,162,,270,,94,,34,,85,,35,,102,,180,,99,,44,,132,,549,,108,,236,,64,,50,,83,
Pacific bluefin tuna Global,Asia,Purse seines,0,-,0,-,2145,,2335,,5579,,3256,,4170,,2822,,1187,,1575,,2032,,2710,,2545,,2797,,1475,,2121,,1261,,2603,,3058,,2187,,1779,,1555,,1107,,2351,,6019,,2433,,2996,,2257,,2546,,4558,,2521,,2129,,1698,,994,,2243,,2643,,3274,,2308,,1094,,1191,,1152,,7222,,4476,,2333,,1994,,16255,,3355,,8872,,3738,,5907,,11819,,7023,,7013,,8252,,4992,,12283,,7669,,6659,,11416,,9122,,5419,
Pacific bluefin tuna Global,Asia,Trolling lines,0,-,0,-,667,,1472,,1656,,1507,,1763,,2392,,1497,,736,,1885,,3193,,1683,,2542,,2784,,1963,,1614,,3273,,1568,,2219,,1198,,1492,,842,,2108,,1656,,1031,,830,,2166,,4517,,2655,,1531,,1777,,864,,2028,,1874,,1850,,1467,,880,,1124,,903,,1250,,2069,,915,,546,,4111,,4778,,3640,,2740,,2865,,3387,,5121,,3329,,2427,,1839,,2182,,3406,,1544,,2385,,2074,,1875,,1301,
Pacific bluefin tuna Global,Europe,Purse seines,0,-,0,-,0,-,0,-,0,-,0,-,0,-,0,-,0,-,0,-,0,-,0,-,0,-,0,-,0,-,0,-,0,-,0,-,0,-,0,-,0,-,0,-,0,-,0,-,0,-,0,-,0,-,0,-,180,,0,-,0,-,0,-,0,-,0,-,0,-,0,-,0,-,0,-,0,-,0,-,0,-,0,-,0,-,0,-,0,-,0,-,0,-,0,-,0,-,0,-,0,-,0,-,0,-,0,-,0,-,0,-,0,-,0,-,0,-,0,-,0,-
Pacific bluefin tuna Global,Oceania,Gear not known,0,-,0,-,0,-,0,-,0,-,0,-,0,-,0,-,0,-,0,-,0,-,0,-,0,-,0,-,0,-,0,-,0,-,0,-,0,-,0,-,0,-,0,-,0,-,0,-,0,-,0,-,0,-,0,-,0,-,0,-,0,-,0,-,0,-,0,-,0,-,0,-,0,-,0,-,0,-,0,-,0,-,2,,0,-,6,,2,,2,,4,,14,,20,,21,,21,,50,,55,,41,,67,,20,,21,,21,,21,,0,-,0,-
Skipjack tuna Global,Africa,Gear not known,200,,200,,100,,100,,100,,200,,201,,103,,100,,100,,100,,101,,108,,102,,620,,180,,150,,164,,207,,289,,1214,,1369,,1483,,1532,,1418,,1375,,1314,,1705,,1696,,1733,,2225,,2208,,2076,,3082,,2931,,1855,,3263,,2693,,3219,,2602,,2089,,2250,,1483,,1054,,532,,526,,540,,350,,1127,,506,,2552,,880,,710,,605,,853,,1947,,2456,,2262,,2707,,4800,,4729,
Skipjack tuna Global,Africa,Longlines (nei),0,-,0,-,0,-,0,-,0,-,0,-,0,-,0,-,0,-,0,-,0,-,0,-,0,-,0,-,0,-,0,-,0,-,0,-,0,-,0,-,0,-,0,-,0,-,0,-,0,-,0,-,0,-,0,-,0,-,0,-,0,-,25,,1,,62,,3,,2,,14,,0,-,2,,1,,0,-,0,-,0,-,0,-,1,,0,-,0,-,0,-,0,-,0,-,0,-,0,-,0,-,0,-,269,,389,,2774,,1212,,995,,1499,,1026,
Skipjack tuna Global,Africa,Mechanized lines and pole-and-lines,0,-,0,-,0,-,0,-,0,-,0,-,149,,15,,58,,89,,529,,1387,,2047,,2264,,987,,4475,,4239,,2898,,5009,,1943,,3180,,3009,,2972,,7907,,15933,,4953,,4445,,10213,,7389,,8622,,10342,,8856,,18105,,22238,,17286,,18358,,20179,,25067,,27545,,23271,,24515,,26163,,19153,,20322,,22188,,19977,,16868,,21618,,23746,,26538,,21343,,35997,,16162,,14486,,20542,,26455,,20930,,13943,,29248,,22843,,14989,
Skipjack tuna Global,Africa,Purse seines,0,-,0,-,0,-,0,-,0,-,0,-,0,-,0,-,0,-,0,-,0,-,0,-,0,-,0,-,0,-,0,-,0,-,0,-,0,-,0,-,0,-,0,-,3,,160,,0,-,174,,2422,,1699,,1978,,1914,,7568,,7647,,10298,,6558,,7046,,5905,,4759,,6057,,5026,,5604,,5250,,8539,,6949,,7330,,5304,,8693,,5737,,18371,,27128,,35217,,22035,,35051,,45851,,48367,,38080,,77750,,68717,,58791,,48169,,63440,,92134,
Skipjack tuna Global,Africa,Trolling lines,88,,94,,99,,105,,111,,117,,123,,129,,132,,140,,149,,155,,162,,168,,175,,182,,189,,236,,267,,294,,371,,431,,470,,533,,589,,492,,480,,526,,546,,520,,563,,586,,614,,637,,675,,715,,762,,836,,804,,3582,,3738,,3688,,2741,,2786,,3234,,3135,,3131,,3201,,3512,,2897,,3160,,3000,,3386,,3664,,4132,,4023,,4076,,4284,,5371,,5514,,5485,
Skipjack tuna Global,Americas,Gear not known,0,-,0,-,0,-,0,-,0,-,0,-,0,-,0,-,200,,883,,453,,683,,758,,2503,,3906,,1294,,2519,,6492,,10788,,12177,,7741,,6886,,1173,,707,,725,,687,,823,,2196,,2164,,2139,,2087,,1319,,772,,1363,,1678,,749,,1789,,695,,1012,,1614,,2467,,2774,,1790,,2964,,2305,,3925,,1710,,643,,752,,1873,,533,,984,,457,,2911,,1247,,1818,,175,,1464,,491,,931,,1192,
Skipjack tuna Global,Americas,Longlines (nei),34,,12,,54,,1,,0,-,157,,0,-,17,,0,-,33,,0,-,0,-,4,,0,-,0,-,0,-,0,-,0,-,1,,0,-,0,-,0,-,0,-,42,,0,-,0,-,0,-,2,,2,,1,,23,,0,-,5,,5,,6,,6,,7,,5,,10,,15,,28,,43,,28,,46,,62,,135,,50,,119,,105,,177,,123,,1440,,649,,786,,730,,540,,670,,300,,317,,307,,276,
Skipjack tuna Global,Americas,Mechanized lines and pole-and-lines,0,-,0,-,1229,,1281,,1370,,1396,,1503,,1955,,1450,,62683,,32192,,31881,,18673,,17466,,10618,,20706,,9559,,18762,,8544,,7613,,8907,,13279,,8631,,10794,,10454,,18053,,16199,,13892,,10533,,14685,,17893,,25868,,30103,,27190,,21191,,30259,,28116,,22418,,27105,,27564,,23556,,26745,,23572,,24362,,26495,,23242,,27131,,30753,,26790,,26682,,26437,,26037,,19657,,23215,,24890,,27680,,24478,,23413,,21408,,23135,,12950,
Skipjack tuna Global,Americas,Purse seines,0,-,0,-,0,-,0,-,0,-,0,-,0,-,0,-,0,-,17958,,16650,,40732,,58487,,84868,,55822,,63022,,47732,,105511,,62546,,47043,,59631,,110160,,39974,,58872,,90106,,116015,,115167,,81147,,154423,,114934,,124482,,123945,,106429,,66209,,74087,,58810,,61583,,55643,,81140,,83278,,62069,,64635,,79114,,89084,,70271,,114957,,96199,,128246,,115521,,201476,,167029,,118992,,141243,,211782,,181370,,253504,,263998,,197009,,265546,,214749,,159328,
Skipjack tuna Global,Americas,Trolling lines,0,-,0,-,0,-,0,-,0,-,0,-,0,-,0,-,0,-,0,-,0,-,0,-,0,-,0,-,0,-,0,-,0,-,0,-,0,-,0,-,0,-,0,-,0,-,276,,41,,0,-,0,-,0,-,0,-,0,-,12,,17,,64,,154,,284,,146,,211,,155,,291,,234,,164,,131,,128,,107,,188,,380,,451,,391,,316,,302,,422,,530,,418,,515,,533,,550,,585,,479,,641,,468,,586,
Skipjack tuna Global,Asia,Gear not known,7878,,10650,,12039,,13604,,13948,,15081,,15780,,16001,,18516,,18286,,19893,,22586,,24342,,27325,,30606,,30605,,35055,,37703,,38586,,44192,,46995,,41713,,59039,,69184,,69065,,69613,,76138,,90672,,100977,,83414,,66139,,75306,,80396,,82510,,72486,,79939,,89249,,84854,,87053,,93461,,127649,,122776,,125989,,120025,,133053,,125344,,137501,,150436,,153742,,178820,,195683,,189012,,187667,,209258,,215083,,214330,,252637,,249504,,247962,,258705,,242032,
Skipjack tuna Global,Asia,Longlines (nei),0,-,0,-,19,,34,,151,,449,,596,,283,,250,,251,,424,,397,,484,,432,,399,,602,,836,,683,,961,,683,,1949,,1854,,2053,,2149,,2436,,2250,,2288,,3252,,3365,,2240,,663,,863,,1103,,2718,,967,,1226,,1538,,2359,,2003,,2618,,441,,882,,469,,800,,450,,649,,3995,,4164,,4384,,3466,,4464,,4389,,3029,,3939,,4287,,1145,,772,,688,,979,,1157,,838,
Skipjack tuna Global,Asia,Mechanized lines and pole-and-lines,41774,,104693,,87006,,75036,,97592,,102043,,101478,,102677,,141961,,155968,,79947,,135808,,162217,,108007,,147784,,148315,,234652,,188630,,182796,,336523,,404443,,350369,,180294,,252434,,278290,,215443,,268475,,293936,,294976,,273542,,314244,,275136,,266020,,295748,,377670,,259824,,345868,,284766,,329193,,322972,,268143,,316112,,292850,,326857,,281228,,300958,,262721,,279920,,310792,,318922,,300633,,250715,,264832,,276740,,260859,,313500,,295817,,245140,,239877,,195824,,204038,
Skipjack tuna Global,Asia,Purse seines,0,-,0,-,0,-,0,-,0,-,0,-,0,-,0,-,0,-,0,-,0,-,0,-,0,-,0,-,32,,1802,,1448,,2171,,6255,,679,,3519,,6514,,3554,,1544,,910,,143,,0,-,132,,918,,1127,,1114,,899,,3109,,3354,,3272,,4061,,4417,,4840,,8025,,8686,,15948,,23731,,36788,,35884,,25358,,21698,,14583,,15040,,15112,,15326,,13763,,13974,,16588,,10846,,11780,,21535,,33307,,24981,,25736,,26542,,18517,
Skipjack tuna Global,Asia,Trolling lines,415,,2364,,2569,,2607,,3217,,3217,,3414,,3263,,3262,,3266,,3228,,3465,,4298,,4391,,4471,,4711,,5450,,5544,,5544,,5753,,5667,,5348,,6412,,7428,,8408,,11767,,13404,,15569,,16960,,14343,,15752,,17050,,21434,,20351,,20474,,20563,,20683,,20210,,23827,,25157,,19400,,21675,,19473,,26720,,27516,,38496,,34635,,37378,,33384,,29885,,38646,,28867,,23954,,24705,,35607,,18913,,15969,,15963,,20511,,19165,,19471,
Skipjack tuna Global,Europe,Gear not known,0,-,0,-,0,-,0,-,0,-,0,-,0,-,0,-,0,-,0,-,0,-,0,-,0,-,0,-,0,-,0,-,0,-,0,-,0,-,0,-,0,-,0,-,0,-,0,-,0,-,90,,90,,0,-,0,-,0,-,8,,0,-,0,-,63,,7,,24,,28,,7,,27,,69,,175,,835,,138,,124,,82,,115,,106,,81,,110,,292,,209,,194,,404,,119,,182,,154,,123,,93,,250,,187,,124,
Skipjack tuna Global,Europe,Longlines (nei),0,-,0,-,0,-,0,-,0,-,0,-,0,-,0,-,0,-,0,-,0,-,0,-,0,-,0,-,0,-,0,-,0,-,0,-,0,-,0,-,0,-,0,-,0,-,0,-,0,-,0,-,0,-,90,,0,-,0,-,0,-,0,-,0,-,0,-,0,-,0,-,0,-,0,-,0,-,0,-,0,-,0,-,0,-,0,-,0,-,0,-,2,,0,-,8,,3,,13,,29,,34,,64,,54,,85,,825,,1037,,174,,69,,46,
Skipjack tuna Global,Europe,Mechanized lines and pole-and-lines,704,,459,,581,,786,,720,,1192,,1002,,155,,400,,337,,619,,1185,,5675,,8820,,7745,,8325,,6269,,6967,,9217,,6137,,7022,,12507,,11492,,8069,,11686,,3128,,4808,,7758,,9231,,7956,,7060,,9634,,12509,,4909,,9710,,11357,,9830,,13736,,20470,,17729,,12054,,15384,,16114,,10968,,15326,,13443,,15018,,15171,,17291,,9750,,6563,,7840,,9080,,13327,,17418,,17046,,20245,,15776,,14857,,10737,,22167,
Skipjack tuna Global,Europe,Purse seines,0,-,0,-,0,-,0,-,0,-,0,-,0,-,0,-,0,-,0,-,0,-,0,-,0,-,370,,900,,1500,,4700,,4650,,13800,,8777,,13975,,25680,,35096,,27585,,57317,,36102,,35699,,53738,,54470,,43444,,54152,,58559,,64819,,64384,,90184,,88750,,105812,,108900,,134401,,147509,,133724,,189728,,160479,,192426,,197010,,188014,,161624,,140095,,152701,,210212,,186844,,163845,,192312,,201285,,162243,,177415,,205907,,124590,,135009,,143035,,152972,
Skipjack tuna Global,Europe,Trolling lines,15,,15,,15,,15,,15,,15,,15,,15,,15,,15,,15,,15,,15,,15,,15,,15,,15,,30,,45,,45,,60,,74,,74,,59,,71,,53,,57,,48,,66,,58,,49,,46,,36,,34,,33,,27,,28,,32,,39,,37,,37,,46,,59,,0,-,0,-,0,-,0,-,0,-,0,-,49,,49,,75,,240,,350,,471,,436,,440,,440,,440,,440,,440,
Skipjack tuna Global,Oceania,Gear not known,0,-,0,-,0,-,0,-,0,-,0,-,0,-,0,-,0,-,0,-,0,-,0,-,0,-,48,,34,,2,,2,,2,,4,,35,,2,,36,,85,,47,,133,,523,,404,,25,,49,,58,,37,,0,-,0,-,0,-,0,-,0,-,0,-,0,-,0,-,394,,308,,135,,5938,,3166,,109,,135,,271,,474,,506,,3272,,6228,,1047,,3055,,1383,,1447,,1327,,2362,,9455,,9545,,10114,,10037,
Skipjack tuna Global,Oceania,Longlines (nei),0,-,0,-,0,-,0,-,0,-,0,-,0,-,0,-,0,-,0,-,0,-,0,-,0,-,0,-,0,-,0,-,0,-,0,-,0,-,0,-,0,-,0,-,0,-,0,-,0,-,0,-,0,-,0,-,0,-,0,-,0,-,0,-,0,-,0,-,0,-,0,-,1,,29,,49,,44,,65,,69,,71,,33,,62,,43,,52,,46,,1034,,948,,160,,546,,430,,504,,411,,271,,335,,200,,238,,333,,585,
Skipjack tuna Global,Oceania,Mechanized lines and pole-and-lines,0,-,0,-,0,-,0,-,0,-,0,-,0,-,0,-,0,-,0,-,0,-,0,-,0,-,0,-,1025,,2497,,2615,,3354,,5039,,4629,,10435,,23565,,20916,,35927,,56883,,28672,,45496,,37136,,75461,,56786,,60913,,60228,,25745,,32723,,38704,,36469,,40685,,25920,,35102,,30549,,23865,,42174,,24184,,20011,,23968,,35856,,24479,,23580,,25612,,24667,,6546,,5040,,10097,,10731,,7590,,3934,,7240,,4369,,2125,,818,,503,
Skipjack tuna Global,Oceania,Purse seines,0,-,0,-,0,-,0,-,0,-,0,-,0,-,0,-,0,-,0,-,0,-,0,-,0,-,0,-,0,-,0,-,0,-,0,-,0,-,0,-,0,-,0,-,0,-,0,-,0,-,0,-,0,-,0,-,0,-,0,-,0,-,43,,290,,36,,24,,132,,584,,1032,,44,,0,-,12503,,9812,,13633,,10937,,10692,,13910,,10873,,14258,,11284,,21287,,13620,,8862,,5801,,14112,,4434,,0,-,446,,90,,892,,855,,0,-
Skipjack tuna Global,Oceania,Trolling lines,0,-,0,-,0,-,0,-,0,-,0,-,0,-,0,-,0,-,0,-,0,-,0,-,0,-,0,-,0,-,0,-,0,-,0,-,0,-,0,-,0,-,0,-,0,-,0,-,0,-,0,-,0,-,0,-,0,-,0,-,0,-,0,-,0,-,0,-,0,-,0,-,8,,14,,13,,23,,27,,22,,43,,70,,42,,54,,58,,54,,54,,54,,56,,61,,61,,59,,56,,67,,67,,77,,19,,33,,20,
Southern bluefin tuna Global,Africa,Longlines (nei),0,-,0,-,0,-,0,-,0,-,0,-,0,-,0,-,0,-,0,-,0,-,145,,724,,398,,197,,2,,4,,5,,0,-,0,-,0,-,0,-,0,-,0,-,0,-,0,-,0,-,0,-,0,-,0,-,0,-,0,-,0,-,0,-,0,-,0,-,0,-,0,-,0,-,0,-,0,-,0,-,0,-,0,-,0,-,0,-,0,-,0,-,1,,1,,4,,1,,18,,15,,19,,24,,9,,41,,45,,32,,34,
Southern bluefin tuna Global,Asia,Gear not known,0,-,0,-,0,-,0,-,0,-,0,-,0,-,0,-,0,-,0,-,0,-,0,-,0,-,0,-,0,-,0,-,0,-,0,-,0,-,0,-,0,-,0,-,0,-,0,-,0,-,0,-,0,-,0,-,0,-,0,-,0,-,0,-,11,,12,,0,-,67,,81,,87,,234,,319,,305,,107,,3,,0,-,0,-,0,-,0,-,0,-,0,-,0,-,0,-,0,-,0,-,0,-,0,-,0,-,0,-,0,-,0,-,0,-,0,-
Southern bluefin tuna Global,Asia,Longlines (nei),0,-,0,-,565,,3890,,2447,,1964,,9603,,22908,,12462,,61892,,75826,,77927,,40397,,59724,,42838,,40689,,39644,,59281,,49657,,49849,,41059,,38179,,39528,,31315,,34105,,24149,,34126,,29609,,23718,,27886,,33722,,28074,,20962,,25035,,23583,,20573,,15622,,14601,,12224,,10866,,8445,,8835,,8613,,8738,,8124,,8492,,10793,,10094,,12071,,13113,,9803,,10774,,9858,,7785,,7988,,10613,,5851,,5325,,5970,,5385,,4812,
Southern bluefin tuna Global,Europe,Longlines (nei),0,-,0,-,0,-,0,-,0,-,0,-,0,-,0,-,0,-,0,-,0,-,0,-,0,-,0,-,0,-,0,-,0,-,0,-,0,-,0,-,0,-,0,-,0,-,0,-,0,-,0,-,0,-,0,-,0,-,0,-,0,-,0,-,0,-,0,-,0,-,0,-,0,-,0,-,0,-,0,-,0,-,0,-,0,-,0,-,0,-,0,-,0,-,0,-,0,-,0,-,0,-,0,-,0,-,3,,23,,0,-,3,,18,,14,,2,,11,
Southern bluefin tuna Global,Oceania,Gear not known,0,-,0,-,264,,509,,424,,322,,964,,1264,,2322,,2486,,3545,,3678,,4636,,6199,,6832,,6876,,8008,,6357,,8737,,8679,,7097,,6969,,12397,,9890,,12672,,0,-,0,-,0,-,0,-,0,-,130,,173,,305,,132,,93,,94,,82,,59,,94,,109,,263,,35,,48,,20,,4,,17,,8,,5,,2,,2,,0,-,0,-,0,-,0,-,1,,0,-,2,,4,,0,-,0,-,0,-
Southern bluefin tuna Global,Oceania,Longlines (nei),0,-,0,-,0,-,0,-,0,-,0,-,0,-,0,-,0,-,0,-,0,-,0,-,0,-,0,-,0,-,0,-,0,-,0,-,0,-,0,-,0,-,0,-,0,-,0,-,0,-,0,-,0,-,0,-,0,-,0,-,0,-,0,-,0,-,0,-,0,-,0,-,0,-,1,,1,,982,,519,,1760,,3780,,4016,,2859,,2284,,476,,773,,996,,661,,504,,444,,478,,424,,619,,296,,242,,381,,342,,625,,661,
Southern bluefin tuna Global,Oceania,Mechanized lines and pole-and-lines,0,-,0,-,0,-,0,-,0,-,0,-,0,-,0,-,0,-,0,-,0,-,0,-,0,-,0,-,0,-,0,-,0,-,0,-,0,-,0,-,0,-,0,-,0,-,0,-,0,-,0,-,5228,,11019,,8613,,8686,,9159,,10091,,14670,,11823,,8967,,7410,,6155,,5409,,7770,,3807,,1803,,1823,,1673,,1018,,844,,795,,1659,,1843,,640,,22,,0,-,0,-,0,-,0,-,0,-,0,-,0,-,0,-,0,-,2,,0,-
Southern bluefin tuna Global,Oceania,Purse seines,0,-,0,-,0,-,0,-,0,-,0,-,0,-,0,-,0,-,0,-,0,-,0,-,0,-,0,-,0,-,0,-,0,-,0,-,0,-,0,-,0,-,0,-,0,-,0,-,0,-,8833,,3155,,1550,,3577,,2097,,2036,,6752,,6831,,5872,,4444,,5179,,6376,,5411,,2820,,1626,,2511,,1034,,22,,536,,1269,,1840,,3121,,2998,,3584,,5325,,5132,,4767,,4683,,5792,,4834,,5210,,5629,,4809,,5010,,4893,,4039,
Southern bluefin tuna Global,Oceania,Trolling lines,0,-,0,-,0,-,0,-,0,-,0,-,0,-,0,-,0,-,0,-,0,-,0,-,0,-,0,-,0,-,0,-,0,-,0,-,0,-,0,-,0,-,0,-,0,-,0,-,0,-,0,-,0,-,0,-,0,-,0,-,0,-,0,-,0,-,0,-,0,-,0,-,0,-,0,-,0,-,31,,21,,1,,4,,0,-,0,-,9,,3,,31,,13,,3,,1,,0,-,1,,0,-,1,,3,,0,-,1,,0,-,7,,0,-
Yellowfin tuna Global,Africa,Gear not known,1200,,1200,,2600,,3600,,3400,,4100,,111,,323,,45,,112,,125,,202,,274,,60,,34,,13,,12,,1,,0,-,5,,536,,321,,725,,309,,670,,629,,1095,,1688,,1398,,1631,,851,,6442,,4613,,4537,,2822,,2089,,2779,,3247,,3010,,5105,,4887,,4307,,3408,,3161,,3806,,3595,,3536,,3573,,3405,,3410,,4683,,4308,,3755,,4644,,4932,,4943,,5557,,4567,,4143,,4508,,4088,
Yellowfin tuna Global,Africa,Longlines (nei),0,-,0,-,0,-,0,-,0,-,0,-,0,-,0,-,0,-,0,-,0,-,0,-,0,-,71,,285,,0,-,0,-,0,-,0,-,0,-,0,-,0,-,0,-,22,,0,-,0,-,0,-,0,-,17,,101,,138,,246,,243,,445,,255,,170,,258,,81,,113,,121,,26,,71,,73,,9,,40,,20,,52,,100,,162,,411,,619,,1057,,1023,,2202,,4228,,9324,,3688,,2803,,1127,,991,,2073,
Yellowfin tuna Global,Africa,Mechanized lines and pole-and-lines,0,-,0,-,0,-,0,-,0,-,0,-,3623,,2287,,2004,,1275,,2347,,2039,,1791,,2149,,3601,,1928,,1319,,884,,1087,,385,,692,,773,,1058,,1707,,2684,,1281,,1911,,2596,,2765,,6365,,3579,,3998,,7793,,6912,,7159,,10305,,9601,,9964,,9166,,8465,,13216,,10366,,9951,,14128,,10919,,10300,,8718,,10661,,13211,,16214,,11711,,17653,,10292,,8835,,12886,,10584,,8907,,7694,,10479,,9696,,6184,
Yellowfin tuna Global,Africa,Purse seines,0,-,0,-,0,-,0,-,0,-,0,-,0,-,0,-,0,-,0,-,0,-,0,-,0,-,0,-,0,-,0,-,0,-,0,-,0,-,0,-,0,-,0,-,54,,37,,318,,1136,,5180,,2243,,3567,,3025,,3628,,7894,,8731,,6126,,5339,,6872,,6558,,4144,,1246,,1700,,1379,,3000,,2369,,2471,,1791,,1649,,4286,,9352,,14063,,21379,,18688,,29800,,31431,,43795,,53549,,50433,,39189,,27753,,32984,,33937,,37234,
Yellowfin tuna Global,Africa,Trolling lines,72,,76,,80,,85,,90,,94,,99,,104,,107,,114,,121,,126,,131,,136,,142,,147,,153,,191,,216,,238,,300,,349,,380,,431,,477,,398,,388,,426,,431,,421,,452,,470,,494,,515,,616,,621,,665,,710,,684,,1946,,1987,,2059,,4276,,4326,,5044,,4964,,4925,,4992,,4957,,4694,,5039,,4760,,5043,,5174,,5230,,5137,,5180,,5173,,6592,,6670,,6663,
Yellowfin tuna Global,Americas,Gear not known,0,-,158,,187,,0,-,7,,0,-,151,,302,,283,,670,,458,,949,,708,,789,,838,,412,,607,,1634,,3341,,1966,,5149,,2781,,1359,,963,,1580,,963,,891,,1275,,1655,,2654,,1758,,2435,,1541,,4150,,2343,,6318,,7058,,5279,,4201,,3404,,2992,,4839,,5979,,8290,,11213,,14442,,7433,,5417,,5931,,8048,,6349,,7544,,4298,,7787,,7889,,7001,,7947,,7100,,2684,,4075,,4010,
Yellowfin tuna Global,Americas,Longlines (nei),269,,296,,322,,213,,191,,201,,96,,789,,2905,,7986,,6436,,6305,,4551,,7085,,4573,,3360,,3411,,5605,,4587,,4493,,4411,,4537,,6884,,12389,,8284,,5700,,7620,,7232,,6720,,5563,,10177,,8058,,8417,,7230,,9079,,9676,,16548,,13847,,16255,,11966,,11705,,10158,,11238,,10359,,11075,,11848,,8962,,9680,,7917,,10830,,12861,,17391,,16001,,12477,,18980,,15760,,17649,,14895,,13412,,12190,,11259,
Yellowfin tuna Global,Americas,Mechanized lines and pole-and-lines,0,-,0,-,0,-,0,-,0,-,0,-,0,-,0,-,0,-,27441,,22151,,14857,,10428,,6738,,3639,,6468,,960,,4340,,3888,,5984,,4166,,5322,,6516,,4046,,9395,,6315,,4253,,2721,,3924,,4367,,1747,,3561,,4962,,7724,,6705,,6625,,5068,,10653,,9621,,8989,,7411,,8318,,10081,,11365,,10798,,6581,,8323,,8504,,10597,,7249,,8084,,9233,,6961,,4266,,6768,,5757,,3384,,3221,,1721,,2058,,1897,
Yellowfin tuna Global,Americas,Purse seines,0,-,0,-,0,-,0,-,0,-,0,-,0,-,0,-,0,-,30050,,79425,,79460,,55988,,48187,,78203,,65012,,67947,,67066,,92505,,132211,,148303,,106033,,171189,,186875,,184939,,186864,,200935,,168163,,148495,,154652,,137499,,165133,,125948,,105303,,152878,,229026,,256817,,248162,,264105,,275341,,243767,,215531,,212406,,210049,,206515,,206401,,239462,,238303,,243184,,257380,,235531,,342436,,374382,,344745,,223139,,241513,,158688,,151411,,171313,,201238,,243396,
Yellowfin tuna Global,Americas,Trolling lines,0,-,0,-,0,-,0,-,0,-,0,-,0,-,0,-,0,-,0,-,0,-,0,-,0,-,0,-,0,-,0,-,0,-,0,-,0,-,0,-,0,-,0,-,0,-,0,-,0,-,0,-,0,-,0,-,0,-,0,-,14,,22,,73,,92,,144,,111,,312,,450,,312,,199,,378,,271,,197,,162,,291,,1557,,1424,,1213,,1233,,1344,,1044,,835,,618,,540,,623,,652,,463,,650,,593,,640,,672,
Yellowfin tuna Global,Asia,Gear not known,11369,,11784,,12211,,12713,,13402,,14149,,14834,,16610,,16875,,17462,,18937,,20312,,22258,,24743,,27680,,28108,,32042,,35805,,35513,,36108,,39004,,39753,,46431,,53485,,61854,,63537,,59411,,73099,,55349,,67163,,63610,,70507,,67100,,66708,,72227,,85356,,85560,,83847,,101554,,115504,,122437,,128488,,107311,,104560,,142829,,152440,,161805,,153150,,164578,,185976,,166202,,161053,,175667,,196371,,212956,,185503,,191015,,184360,,181198,,179736,,191880,
Yellowfin tuna Global,Asia,Longlines (nei),12575,,8566,,20814,,29683,,44556,,67878,,87393,,93978,,99861,,115860,,149935,,143730,,155558,,135539,,122612,,125167,,139716,,95249,,161634,,147180,,123778,,122720,,130070,,113115,,108008,,125635,,130353,,168163,,169332,,156519,,166722,,136891,,140788,,131774,,114543,,128049,,137031,,143931,,158795,,133013,,169663,,142019,,192163,,237489,,182052,,160484,,178763,,169517,,166488,,152562,,164896,,169375,,167040,,171184,,190117,,207126,,153715,,140199,,109612,,113549,,114639,
Yellowfin tuna Global,Asia,Mechanized lines and pole-and-lines,2353,,2463,,4159,,6792,,5835,,6050,,6467,,3667,,4932,,6117,,2905,,4814,,6871,,4480,,8513,,5561,,4096,,6077,,6563,,7869,,7699,,8415,,11903,,20538,,19811,,14672,,19399,,19476,,15762,,17570,,14942,,19610,,18110,,20516,,20294,,23121,,17623,,18977,,17433,,19034,,16727,,18896,,21658,,19448,,23702,,24222,,25453,,23790,,25727,,26112,,28745,,26064,,30038,,27605,,27014,,30861,,30448,,28367,,29057,,27816,,22964,
Yellowfin tuna Global,Asia,Purse seines,0,-,0,-,0,-,0,-,0,-,0,-,0,-,0,-,0,-,0,-,0,-,0,-,0,-,0,-,455,,1134,,4812,,5224,,7463,,4714,,1114,,2523,,3775,,1232,,777,,129,,0,-,34,,215,,121,,144,,59,,969,,1485,,1560,,2753,,2550,,3126,,2692,,3068,,4753,,6598,,14279,,13548,,7432,,7961,,5738,,4789,,5487,,4300,,3715,,3265,,5658,,9184,,11679,,10785,,11783,,4914,,4843,,3851,,4611,
Yellowfin tuna Global,Asia,Trolling lines,77,,401,,433,,438,,538,,538,,570,,546,,547,,549,,543,,584,,726,,746,,758,,797,,922,,940,,943,,980,,1107,,1000,,1207,,1510,,1719,,2304,,2741,,3050,,3315,,3190,,3399,,3605,,3848,,3680,,3641,,3736,,3713,,3994,,5336,,5542,,4393,,4371,,4318,,5458,,6031,,7314,,7221,,7524,,7263,,6998,,8216,,9076,,6958,,6807,,12989,,7556,,7391,,6638,,7707,,6484,,6580,
Yellowfin tuna Global,Europe,Gear not known,0,-,0,-,0,-,0,-,0,-,0,-,0,-,0,-,0,-,0,-,0,-,0,-,0,-,0,-,0,-,0,-,0,-,0,-,0,-,0,-,0,-,0,-,0,-,0,-,0,-,0,-,0,-,0,-,0,-,0,-,0,-,0,-,0,-,10,,4,,3,,5,,1,,8,,0,-,2,,1246,,67,,343,,404,,344,,570,,621,,349,,394,,604,,640,,869,,638,,755,,715,,649,,206,,220,,931,,312,
Yellowfin tuna Global,Europe,Longlines (nei),0,-,0,-,0,-,0,-,0,-,0,-,0,-,0,-,0,-,0,-,0,-,0,-,0,-,0,-,0,-,0,-,0,-,0,-,0,-,0,-,0,-,0,-,0,-,0,-,0,-,0,-,0,-,0,-,0,-,0,-,0,-,0,-,20,,109,,92,,19,,4,,0,-,8,,12,,20,,89,,146,,285,,143,,173,,287,,322,,667,,348,,631,,582,,618,,588,,538,,891,,1441,,1894,,1072,,1194,,1206,
Yellowfin tuna Global,Europe,Mechanized lines and pole-and-lines,0,-,0,-,0,-,0,-,0,-,200,,2100,,6900,,8300,,4500,,8900,,7800,,7602,,14759,,15456,,15279,,13252,,14574,,18897,,14296,,8157,,7848,,8142,,6279,,8306,,3895,,3913,,3664,,4024,,2711,,2234,,3412,,3507,,3426,,7166,,5731,,5700,,6786,,6854,,3703,,6344,,7323,,5043,,4210,,4420,,3069,,5004,,2054,,4088,,2554,,1210,,1192,,2367,,2139,,1882,,1404,,1527,,1202,,1242,,1252,,1946,
Yellowfin tuna Global,Europe,Purse seines,0,-,0,-,0,-,0,-,0,-,0,-,0,-,0,-,0,-,0,-,0,-,0,-,0,-,1300,,6770,,7100,,10200,,11900,,15800,,19873,,23053,,26745,,38934,,50108,,52547,,75731,,87475,,87193,,92211,,95121,,97285,,110522,,99372,,102666,,94424,,132024,,138351,,150552,,170143,,170157,,198926,,167848,,165224,,162673,,152209,,172665,,161645,,149076,,129534,,144132,,151576,,165294,,169762,,209532,,201404,,179739,,153380,,100795,,130433,,119622,,122503,
Yellowfin tuna Global,Europe,Trolling lines,79,,79,,79,,79,,79,,79,,79,,79,,79,,79,,79,,79,,79,,79,,79,,79,,79,,158,,237,,237,,316,,395,,395,,316,,381,,284,,303,,255,,352,,312,,260,,244,,190,,183,,174,,144,,151,,170,,209,,198,,198,,244,,317,,0,-,0,-,0,-,0,-,0,-,0,-,46,,127,,132,,112,,164,,292,,216,,236,,236,,236,,236,,236,
Yellowfin tuna Global,Oceania,Gear not known,0,-,0,-,0,-,0,-,0,-,0,-,0,-,0,-,0,-,0,-,0,-,0,-,0,-,0,-,0,-,3,,7,,0,-,0,-,0,-,1,,0,-,0,-,0,-,1,,1,,2,,3,,30,,44,,1897,,1838,,1814,,1813,,1814,,1813,,1819,,1819,,1817,,1821,,1919,,1934,,1889,,1895,,1934,,1971,,1974,,1915,,2006,,1193,,4253,,527,,2364,,1340,,1570,,1414,,1979,,5125,,5056,,5281,,5381,
Yellowfin tuna Global,Oceania,Longlines (nei),0,-,0,-,0,-,0,-,0,-,0,-,0,-,0,-,0,-,0,-,0,-,0,-,0,-,0,-,0,-,0,-,0,-,0,-,0,-,0,-,0,-,0,-,0,-,91,,0,-,0,-,146,,198,,207,,493,,564,,146,,387,,500,,296,,337,,215,,1698,,1436,,1441,,1533,,1656,,1989,,2363,,3818,,4790,,6282,,7502,,7075,,6612,,10567,,11115,,11347,,13286,,15434,,9172,,10551,,9553,,11041,,11678,,13011,
Yellowfin tuna Global,Oceania,Mechanized lines and pole-and-lines,0,-,0,-,0,-,0,-,0,-,0,-,0,-,0,-,0,-,0,-,0,-,0,-,0,-,0,-,141,,173,,71,,52,,17,,133,,75,,263,,1638,,1152,,1899,,2071,,9123,,4694,,3879,,3638,,4697,,8164,,2231,,1972,,2401,,2516,,2174,,2303,,2531,,2344,,1926,,1655,,2209,,3241,,3149,,3323,,2252,,1489,,1340,,1143,,256,,281,,548,,790,,443,,686,,904,,517,,316,,87,,53,
Yellowfin tuna Global,Oceania,Purse seines,0,-,0,-,0,-,0,-,0,-,0,-,0,-,0,-,0,-,0,-,0,-,0,-,0,-,0,-,0,-,0,-,0,-,0,-,0,-,0,-,0,-,0,-,0,-,0,-,0,-,0,-,0,-,0,-,0,-,0,-,0,-,20,,8,,18,,41,,43,,42,,40,,12,,0,-,22208,,29687,,27406,,24936,,25729,,22220,,10549,,20701,,17342,,16476,,8247,,10729,,7502,,9334,,7371,,0,-,0,-,0,-,0,-,0,-,0,-
Yellowfin tuna Global,Oceania,Trolling lines,0,-,0,-,0,-,0,-,0,-,0,-,0,-,0,-,0,-,0,-,0,-,0,-,0,-,0,-,0,-,0,-,0,-,0,-,0,-,0,-,0,-,0,-,0,-,0,-,0,-,0,-,0,-,0,-,0,-,0,-,0,-,0,-,0,-,3,,0,-,3,,6,,13,,9,,34,,22,,13,,15,,105,,42,,41,,41,,41,,41,,41,,46,,59,,45,,44,,43,,54,,46,,52,,14,,19,,16,
